id,comment,case_id
1,Test with comment 1,1
2,Test with comment 2,1
3,Test with comment 3,1
4,Test with comment 4,1
5,Test with comment 5,1
6,Test with comment 6,1
7,Test with comment 7,1
8,Test with comment 8,1
9,Test with comment 9,1
10,Test with comment 10,1
11,Test with comment 11,1
12,Test with comment 12,1
13,Test with comment 13,2
14,Test with comment 14,2
15,Test with comment 15,2
16,Test with comment 16,2
17,Test with comment 17,2
18,Test with comment 18,2
19,Test with comment 19,2
20,Test with comment 20,2
21,Test with comment 21,2
22,Test with comment 22,2
23,Test with comment 23,2
24,Test with comment 24,2
25,Test with comment 25,2
26,Test with comment 26,3
27,Test with comment 27,3
28,Test with comment 28,3
29,Test with comment 29,3
30,Test with comment 30,3
31,Test with comment 31,3
32,Test with comment 32,4
33,Test with comment 33,4
34,Test with comment 34,4
35,Test with comment 35,4
36,Test with comment 36,4
37,Test with comment 37,4
38,Test with comment 38,4
39,Test with comment 39,4
40,Test with comment 40,4
41,Test with comment 41,5
42,Test with comment 42,5
43,Test with comment 43,5
44,Test with comment 44,5
45,Test with comment 45,5
46,Test with comment 46,5
47,Test with comment 47,5
48,Test with comment 48,5
49,Test with comment 49,5
50,Test with comment 50,5
